{"cameraMode":{"drawMode":0,"name":"Shaded","section":"Shading Mode"},"sceneLighting":false,"audioPlay":false,"sceneViewState":{"showFog":false,"showMaterialUpdate":false,"showSkybox":false,"showFlares":false,"showImageEffects":false,"showParticleSystems":true},"in2DMode":false,"pivot":{"x":0.2845458984375,"y":-1.948421597480774,"z":10.161211013793946},"rotation":{"x":-0.01988721825182438,"y":-0.005434083752334118,"z":-0.005355271976441145,"w":-1.000990867614746},"size":12.872544288635254,"orthographic":false}