{"cameraMode":{"drawMode":0,"name":"Shaded","section":"Shading Mode"},"sceneLighting":false,"audioPlay":false,"sceneViewState":{"showFog":false,"showMaterialUpdate":false,"showSkybox":false,"showFlares":false,"showImageEffects":false,"showParticleSystems":true},"in2DMode":false,"pivot":{"x":-0.02273620292544365,"y":-0.14020253717899323,"z":0.6331185102462769},"rotation":{"x":-0.22856950759887696,"y":0.3515816032886505,"z":-0.0890292078256607,"w":-0.9035160541534424},"size":2.8578836917877199,"orthographic":false}