{"cameraMode":{"drawMode":0,"name":"Shaded","section":"Shading Mode"},"sceneLighting":false,"audioPlay":false,"sceneViewState":{"showFog":false,"showMaterialUpdate":false,"showSkybox":false,"showFlares":false,"showImageEffects":false,"showParticleSystems":true},"in2DMode":false,"pivot":{"x":-1.574710726737976,"y":0.45068836212158205,"z":-1.397969365119934},"rotation":{"x":-0.04826488718390465,"y":0.912847638130188,"z":-0.11313465237617493,"w":-0.38938984274864199},"size":2.8578836917877199,"orthographic":false}