{"cameraMode":{"drawMode":0,"name":"Shaded","section":"Shading Mode"},"sceneLighting":false,"audioPlay":false,"sceneViewState":{"showFog":false,"showMaterialUpdate":false,"showSkybox":false,"showFlares":false,"showImageEffects":false,"showParticleSystems":true},"in2DMode":false,"pivot":{"x":-0.557623028755188,"y":0.008478343486785889,"z":0.714313268661499},"rotation":{"x":0.3003600835800171,"y":0.020947089418768884,"z":0.00025739672128111124,"w":0.954269528388977},"size":0.4615592360496521,"orthographic":false}