{"cameraMode":{"drawMode":0,"name":"Shaded","section":"Shading Mode"},"sceneLighting":false,"audioPlay":false,"sceneViewState":{"showFog":false,"showMaterialUpdate":false,"showSkybox":false,"showFlares":false,"showImageEffects":false,"showParticleSystems":true},"in2DMode":false,"pivot":{"x":-0.19090627133846284,"y":0.7016650438308716,"z":1.047478199005127},"rotation":{"x":0.18525691330432893,"y":-0.0287643950432539,"z":0.008762117475271225,"w":0.9833306074142456},"size":4.295126438140869,"orthographic":false}