{"cameraMode":{"drawMode":0,"name":"Shaded","section":"Shading Mode"},"sceneLighting":false,"audioPlay":false,"sceneViewState":{"showFog":false,"showMaterialUpdate":false,"showSkybox":false,"showFlares":false,"showImageEffects":false,"showParticleSystems":true},"in2DMode":false,"pivot":{"x":-1.763667345046997,"y":0.0008732069400139153,"z":-0.3128340244293213},"rotation":{"x":-0.16956230998039246,"y":0.7075130939483643,"z":-0.18127316236495973,"w":-0.661851167678833},"size":4.24523401260376,"orthographic":false}