{"cameraMode":{"drawMode":0,"name":"Shaded","section":"Shading Mode"},"sceneLighting":false,"audioPlay":false,"sceneViewState":{"showFog":false,"showMaterialUpdate":false,"showSkybox":false,"showFlares":false,"showImageEffects":false,"showParticleSystems":true},"in2DMode":false,"pivot":{"x":0.22477483749389649,"y":-0.16910600662231446,"z":0.5899097919464111},"rotation":{"x":-0.19373853504657746,"y":0.7586565017700195,"z":-0.26013123989105227,"w":-0.5650842189788818},"size":4.678557395935059,"orthographic":false}