{"cameraMode":{"drawMode":0,"name":"Shaded","section":"Shading Mode"},"sceneLighting":false,"audioPlay":false,"sceneViewState":{"showFog":false,"showMaterialUpdate":false,"showSkybox":false,"showFlares":false,"showImageEffects":false,"showParticleSystems":true},"in2DMode":false,"pivot":{"x":0.010404507629573346,"y":0.3304125666618347,"z":-0.003278295276686549},"rotation":{"x":0.4867146611213684,"y":-0.5082528591156006,"z":0.48804712295532229,"w":0.5186466574668884},"size":0.07000359892845154,"orthographic":false}