{"cameraMode":{"drawMode":0,"name":"Shaded","section":"Shading Mode"},"sceneLighting":false,"audioPlay":false,"sceneViewState":{"showFog":false,"showMaterialUpdate":false,"showSkybox":false,"showFlares":false,"showImageEffects":false,"showParticleSystems":true},"in2DMode":false,"pivot":{"x":0.7745068073272705,"y":0.04516420513391495,"z":-0.7754561305046082},"rotation":{"x":-0.048412173986434939,"y":-0.019805777817964555,"z":-0.002584194066002965,"w":-0.9997434020042419},"size":0.5717674493789673,"orthographic":false}