{"cameraMode":{"drawMode":0,"name":"Shaded","section":"Shading Mode"},"sceneLighting":false,"audioPlay":false,"sceneViewState":{"showFog":false,"showMaterialUpdate":false,"showSkybox":false,"showFlares":false,"showImageEffects":false,"showParticleSystems":true},"in2DMode":false,"pivot":{"x":0.061627358198165897,"y":-0.5331926345825195,"z":-0.023104947060346605},"rotation":{"x":0.47407135367393496,"y":0.5300288200378418,"z":-0.46623119711875918,"w":0.5285142064094544},"size":0.8573456406593323,"orthographic":false}