{"cameraMode":{"drawMode":0,"name":"Shaded","section":"Shading Mode"},"sceneLighting":true,"audioPlay":false,"sceneViewState":{"showFog":false,"showMaterialUpdate":false,"showSkybox":false,"showFlares":false,"showImageEffects":false,"showParticleSystems":true},"in2DMode":false,"pivot":{"x":-1.9846974611282349,"y":0.9296727776527405,"z":-3.4813730716705324},"rotation":{"x":0.030990099534392358,"y":-0.4354780912399292,"z":0.02292386256158352,"w":0.900737464427948},"size":6.803123950958252,"orthographic":false}